frequency,raw,smoothed,error,error_smoothed,equalization,parametric_eq,fixed_band_eq,equalized_raw,equalized_smoothed,target
20.00,-7.50,-7.50,-7.89,-7.89,6.00,6.30,2.69,-1.50,-1.50,0.38
20.20,-7.53,-7.53,-7.95,-7.94,6.00,6.30,2.77,-1.53,-1.53,0.41
20.40,-7.55,-7.56,-8.00,-8.00,6.00,6.30,2.85,-1.55,-1.56,0.44
20.61,-7.58,-7.58,-8.04,-8.05,6.00,6.30,2.93,-1.58,-1.58,0.46
20.81,-7.61,-7.61,-8.11,-8.11,6.00,6.29,3.01,-1.61,-1.61,0.49
21.02,-7.64,-7.64,-8.17,-8.16,6.00,6.29,3.10,-1.64,-1.64,0.52
21.23,-7.67,-7.67,-8.21,-8.21,6.00,6.29,3.19,-1.67,-1.67,0.53
21.44,-7.70,-7.70,-8.25,-8.25,6.00,6.29,3.28,-1.70,-1.70,0.54
21.66,-7.73,-7.73,-8.28,-8.28,6.00,6.29,3.37,-1.73,-1.73,0.55
21.87,-7.76,-7.76,-8.32,-8.32,6.00,6.29,3.47,-1.76,-1.76,0.55
22.09,-7.79,-7.80,-8.36,-8.36,6.00,6.29,3.57,-1.79,-1.80,0.56
22.31,-7.83,-7.83,-8.40,-8.39,6.00,6.28,3.67,-1.83,-1.83,0.56
22.54,-7.87,-7.87,-8.43,-8.44,6.00,6.28,3.77,-1.87,-1.87,0.56
22.76,-7.91,-7.92,-8.48,-8.48,6.00,6.28,3.88,-1.91,-1.92,0.56
22.99,-7.96,-7.96,-8.52,-8.52,6.00,6.28,3.99,-1.96,-1.96,0.55
23.22,-8.00,-8.00,-8.56,-8.56,6.00,6.28,4.10,-2.00,-2.00,0.55
23.45,-8.04,-8.04,-8.60,-8.59,6.00,6.27,4.21,-2.04,-2.04,0.55
23.69,-8.08,-8.08,-8.63,-8.64,6.00,6.27,4.33,-2.08,-2.08,0.55
23.92,-8.12,-8.13,-8.68,-8.68,6.00,6.27,4.45,-2.12,-2.13,0.55
24.16,-8.17,-8.17,-8.73,-8.73,6.00,6.27,4.57,-2.17,-2.17,0.55
24.40,-8.22,-8.23,-8.78,-8.77,6.00,6.27,4.70,-2.22,-2.23,0.55
24.65,-8.28,-8.28,-8.83,-8.82,6.00,6.26,4.82,-2.28,-2.28,0.54
24.89,-8.33,-8.33,-8.88,-8.88,6.00,6.26,4.95,-2.33,-2.33,0.54
25.14,-8.38,-8.39,-8.93,-8.93,6.00,6.26,5.08,-2.38,-2.39,0.54
25.39,-8.44,-8.44,-8.99,-8.98,6.00,6.26,5.21,-2.44,-2.44,0.54
25.65,-8.49,-8.50,-9.04,-9.03,6.00,6.26,5.34,-2.49,-2.50,0.54
25.91,-8.55,-8.55,-9.08,-9.09,6.00,6.25,5.47,-2.55,-2.55,0.53
26.16,-8.61,-8.61,-9.15,-9.14,6.00,6.25,5.60,-2.61,-2.61,0.53
26.43,-8.67,-8.67,-9.20,-9.20,6.00,6.25,5.73,-2.67,-2.67,0.53
26.69,-8.73,-8.73,-9.27,-9.27,6.00,6.25,5.86,-2.73,-2.73,0.53
26.96,-8.79,-8.80,-9.32,-9.33,6.00,6.24,5.99,-2.79,-2.80,0.53
27.23,-8.86,-8.86,-9.38,-9.38,6.00,6.24,6.12,-2.86,-2.86,0.52
27.50,-8.92,-8.92,-9.45,-9.44,6.00,6.24,6.24,-2.92,-2.92,0.52
27.77,-8.98,-8.99,-9.50,-9.50,6.00,6.23,6.36,-2.98,-2.99,0.51
28.05,-9.05,-9.05,-9.57,-9.56,6.00,6.23,6.48,-3.05,-3.05,0.51
28.33,-9.12,-9.12,-9.63,-9.62,6.00,6.23,6.59,-3.12,-3.12,0.50
28.62,-9.18,-9.19,-9.68,-9.69,6.00,6.22,6.70,-3.18,-3.19,0.50
28.90,-9.25,-9.25,-9.76,-9.75,6.00,6.22,6.80,-3.25,-3.25,0.50
29.19,-9.32,-9.32,-9.82,-9.82,6.00,6.22,6.89,-3.32,-3.32,0.49
29.48,-9.39,-9.39,-9.89,-9.88,6.00,6.21,6.98,-3.39,-3.39,0.49
29.78,-9.46,-9.46,-9.94,-9.95,6.00,6.21,7.06,-3.46,-3.46,0.48
30.08,-9.53,-9.53,-10.01,-10.01,6.00,6.21,7.12,-3.53,-3.53,0.48
30.38,-9.60,-9.60,-10.07,-10.08,6.00,6.20,7.19,-3.60,-3.60,0.47
30.68,-9.67,-9.67,-10.15,-10.14,6.00,6.20,7.23,-3.67,-3.67,0.47
30.99,-9.74,-9.74,-10.20,-10.20,6.00,6.19,7.28,-3.74,-3.74,0.46
31.30,-9.80,-9.81,-10.25,-10.26,6.00,6.19,7.30,-3.80,-3.81,0.45
31.61,-9.87,-9.88,-10.33,-10.33,6.00,6.19,7.33,-3.87,-3.88,0.45
31.93,-9.95,-9.94,-10.39,-10.39,6.00,6.18,7.33,-3.95,-3.94,0.44
32.24,-10.01,-10.01,-10.45,-10.45,6.00,6.18,7.33,-4.01,-4.01,0.43
32.57,-10.07,-10.08,-10.50,-10.51,6.00,6.17,7.32,-4.07,-4.08,0.43
32.89,-10.14,-10.14,-10.57,-10.56,6.00,6.17,7.31,-4.14,-4.14,0.42
33.22,-10.20,-10.21,-10.62,-10.62,6.00,6.16,7.28,-4.20,-4.21,0.41
33.55,-10.27,-10.27,-10.69,-10.68,6.00,6.16,7.25,-4.27,-4.27,0.41
33.89,-10.33,-10.33,-10.74,-10.74,6.00,6.15,7.20,-4.33,-4.33,0.40
34.23,-10.39,-10.39,-10.79,-10.79,6.00,6.14,7.16,-4.39,-4.39,0.39
34.57,-10.45,-10.45,-10.84,-10.83,6.00,6.14,7.10,-4.45,-4.45,0.38
34.92,-10.50,-10.51,-10.88,-10.88,6.00,6.13,7.05,-4.50,-4.51,0.37
35.27,-10.56,-10.56,-10.92,-10.92,6.00,6.13,6.98,-4.56,-4.56,0.36
35.62,-10.61,-10.62,-10.97,-10.97,6.00,6.12,6.92,-4.61,-4.62,0.35
35.97,-10.67,-10.67,-11.02,-11.01,6.00,6.11,6.85,-4.67,-4.67,0.34
36.33,-10.71,-10.71,-11.05,-11.05,6.00,6.11,6.78,-4.71,-4.71,0.33
36.70,-10.75,-10.76,-11.08,-11.08,6.00,6.10,6.71,-4.75,-4.76,0.32
37.06,-10.79,-10.79,-11.11,-11.11,6.00,6.09,6.65,-4.79,-4.79,0.31
37.43,-10.83,-10.84,-11.14,-11.14,6.00,6.08,6.58,-4.83,-4.84,0.30
37.81,-10.87,-10.87,-11.17,-11.17,6.00,6.08,6.51,-4.87,-4.87,0.29
38.19,-10.91,-10.91,-11.20,-11.19,6.00,6.07,6.44,-4.91,-4.91,0.28
38.57,-10.93,-10.93,-11.21,-11.21,6.00,6.06,6.37,-4.93,-4.93,0.27
38.95,-10.95,-10.96,-11.22,-11.22,6.00,6.05,6.31,-4.95,-4.96,0.26
39.34,-10.98,-10.98,-11.23,-11.23,6.00,6.04,6.25,-4.98,-4.98,0.24
39.74,-11.00,-11.00,-11.24,-11.24,6.00,6.03,6.19,-5.00,-5.00,0.23
40.14,-11.02,-11.02,-11.25,-11.24,6.00,6.02,6.14,-5.02,-5.02,0.22
40.54,-11.02,-11.02,-11.24,-11.24,6.00,6.01,6.09,-5.02,-5.02,0.21
40.94,-11.02,-11.03,-11.23,-11.23,6.00,6.00,6.04,-5.02,-5.03,0.20
41.35,-11.02,-11.03,-11.22,-11.22,6.00,5.99,6.00,-5.02,-5.03,0.19
41.76,-11.03,-11.03,-11.22,-11.21,6.00,5.98,5.96,-5.03,-5.03,0.18
42.18,-11.02,-11.02,-11.20,-11.19,6.00,5.97,5.92,-5.02,-5.02,0.17
42.60,-11.00,-11.01,-11.17,-11.17,6.00,5.96,5.89,-5.00,-5.01,0.16
43.03,-10.98,-10.99,-11.14,-11.14,6.00,5.95,5.86,-4.98,-4.99,0.15
43.46,-10.96,-10.96,-11.10,-11.10,6.00,5.93,5.84,-4.96,-4.96,0.13
43.90,-10.94,-10.94,-11.06,-11.05,6.00,5.92,5.82,-4.94,-4.94,0.11
44.33,-10.90,-10.90,-10.99,-10.99,6.00,5.91,5.81,-4.90,-4.90,0.09
44.78,-10.85,-10.86,-10.93,-10.93,6.00,5.89,5.80,-4.85,-4.86,0.07
45.23,-10.80,-10.81,-10.86,-10.86,6.00,5.88,5.80,-4.80,-4.81,0.05
45.68,-10.76,-10.76,-10.81,-10.80,6.00,5.87,5.80,-4.76,-4.76,0.04
46.13,-10.70,-10.70,-10.72,-10.73,6.00,5.85,5.80,-4.70,-4.70,0.02
46.60,-10.63,-10.63,-10.65,-10.64,6.00,5.84,5.81,-4.63,-4.63,0.01
47.06,-10.56,-10.56,-10.56,-10.56,6.00,5.82,5.82,-4.56,-4.56,-0.01
47.53,-10.48,-10.49,-10.46,-10.47,6.00,5.80,5.84,-4.48,-4.49,-0.03
48.01,-10.41,-10.41,-10.38,-10.36,6.00,5.79,5.86,-4.41,-4.41,-0.04
48.49,-10.31,-10.31,-10.25,-10.25,6.00,5.77,5.88,-4.31,-4.31,-0.07
48.97,-10.21,-10.22,-10.11,-10.12,6.00,5.75,5.91,-4.21,-4.22,-0.10
49.46,-10.11,-10.11,-9.98,-9.99,6.00,5.73,5.94,-4.11,-4.11,-0.13
49.96,-10.01,-10.01,-9.86,-9.85,6.00,5.71,5.98,-4.01,-4.01,-0.16
50.46,-9.89,-9.90,-9.72,-9.72,6.00,5.69,6.01,-3.89,-3.90,-0.18
50.96,-9.77,-9.78,-9.58,-9.57,6.00,5.67,6.05,-3.77,-3.78,-0.20
51.47,-9.65,-9.65,-9.43,-9.43,6.00,5.65,6.09,-3.65,-3.65,-0.23
51.99,-9.52,-9.52,-9.28,-9.28,6.00,5.63,6.13,-3.52,-3.52,-0.25
52.51,-9.38,-9.39,-9.12,-9.12,6.00,5.60,6.17,-3.38,-3.39,-0.27
53.03,-9.25,-9.25,-8.97,-8.96,6.00,5.58,6.22,-3.25,-3.25,-0.29
53.56,-9.10,-9.11,-8.79,-8.79,6.00,5.56,6.26,-3.10,-3.11,-0.32
54.10,-8.96,-8.96,-8.63,-8.62,6.00,5.53,6.30,-2.96,-2.96,-0.34
54.64,-8.81,-8.81,-8.45,-8.45,6.00,5.50,6.34,-2.81,-2.81,-0.37
55.18,-8.66,-8.66,-8.27,-8.27,6.00,5.48,6.37,-2.66,-2.66,-0.39
55.74,-8.50,-8.51,-8.09,-8.09,6.00,5.45,6.41,-2.50,-2.51,-0.42
56.29,-8.35,-8.35,-7.91,-7.92,6.00,5.42,6.44,-2.35,-2.35,-0.44
56.86,-8.20,-8.20,-7.75,-7.74,6.00,5.39,6.46,-2.20,-2.20,-0.46
57.42,-8.05,-8.05,-7.56,-7.56,6.00,5.36,6.48,-2.05,-2.05,-0.49
58.00,-7.89,-7.90,-7.39,-7.39,6.00,5.33,6.49,-1.89,-1.90,-0.51
58.58,-7.75,-7.75,-7.23,-7.23,6.00,5.30,6.50,-1.75,-1.75,-0.53
59.16,-7.62,-7.61,-7.07,-7.07,6.00,5.26,6.50,-1.62,-1.61,-0.55
59.76,-7.47,-7.48,-6.91,-6.91,6.00,5.23,6.48,-1.47,-1.48,-0.57
60.35,-7.35,-7.35,-6.75,-6.76,6.01,5.19,6.46,-1.34,-1.34,-0.60
60.96,-7.23,-7.23,-6.61,-6.60,6.02,5.16,6.43,-1.22,-1.22,-0.63
61.57,-7.12,-7.12,-6.46,-6.46,6.02,5.12,6.40,-1.11,-1.11,-0.67
62.18,-7.01,-7.02,-6.32,-6.32,6.01,5.08,6.34,-1.00,-1.01,-0.70
62.80,-6.92,-6.92,-6.19,-6.19,5.99,5.04,6.28,-0.93,-0.93,-0.73
63.43,-6.83,-6.83,-6.08,-6.07,5.96,5.00,6.21,-0.87,-0.87,-0.76
64.07,-6.74,-6.75,-5.96,-5.97,5.91,4.95,6.13,-0.83,-0.84,-0.79
64.71,-6.68,-6.68,-5.88,-5.87,5.86,4.91,6.04,-0.82,-0.82,-0.81
65.35,-6.62,-6.62,-5.78,-5.78,5.79,4.86,5.94,-0.83,-0.83,-0.84
66.01,-6.55,-6.56,-5.69,-5.70,5.72,4.82,5.82,-0.84,-0.85,-0.87
66.67,-6.51,-6.51,-5.62,-5.61,5.63,4.77,5.70,-0.88,-0.88,-0.90
67.33,-6.46,-6.46,-5.53,-5.53,5.55,4.72,5.57,-0.91,-0.91,-0.93
68.01,-6.41,-6.41,-5.46,-5.46,5.46,4.67,5.44,-0.95,-0.95,-0.96
68.69,-6.36,-6.37,-5.38,-5.38,5.38,4.61,5.29,-0.98,-0.98,-0.99
69.37,-6.32,-6.32,-5.30,-5.30,5.30,4.56,5.14,-1.02,-1.02,-1.02
70.07,-6.27,-6.27,-5.23,-5.23,5.22,4.50,4.98,-1.05,-1.05,-1.05
70.77,-6.22,-6.22,-5.15,-5.14,5.14,4.44,4.82,-1.08,-1.08,-1.08
71.48,-6.16,-6.16,-5.06,-5.05,5.05,4.38,4.65,-1.11,-1.11,-1.11
72.19,-6.10,-6.10,-4.96,-4.96,4.96,4.32,4.48,-1.15,-1.15,-1.15
72.91,-6.03,-6.03,-4.85,-4.85,4.85,4.26,4.30,-1.18,-1.18,-1.18
73.64,-5.96,-5.96,-4.75,-4.74,4.74,4.19,4.12,-1.22,-1.22,-1.22
74.38,-5.87,-5.88,-4.63,-4.63,4.62,4.12,3.94,-1.25,-1.25,-1.25
75.12,-5.78,-5.78,-4.49,-4.50,4.50,4.05,3.75,-1.29,-1.29,-1.29
75.87,-5.68,-5.68,-4.36,-4.36,4.36,3.98,3.57,-1.32,-1.32,-1.32
76.63,-5.56,-5.57,-4.21,-4.22,4.21,3.91,3.38,-1.35,-1.35,-1.35
77.40,-5.44,-5.44,-4.07,-4.06,4.06,3.83,3.19,-1.39,-1.39,-1.38
78.17,-5.31,-5.31,-3.89,-3.90,3.89,3.75,3.00,-1.42,-1.42,-1.42
78.95,-5.17,-5.17,-3.72,-3.73,3.72,3.67,2.82,-1.45,-1.45,-1.45
79.74,-5.03,-5.03,-3.55,-3.55,3.55,3.59,2.63,-1.49,-1.48,-1.48
80.54,-4.88,-4.88,-3.37,-3.37,3.37,3.50,2.44,-1.52,-1.52,-1.52
81.35,-4.73,-4.73,-3.19,-3.18,3.18,3.42,2.25,-1.55,-1.55,-1.55
82.16,-4.58,-4.58,-3.00,-3.00,3.00,3.32,2.06,-1.58,-1.58,-1.59
82.98,-4.44,-4.44,-2.82,-2.82,2.82,3.23,1.87,-1.62,-1.62,-1.62
83.81,-4.30,-4.30,-2.65,-2.65,2.65,3.13,1.68,-1.66,-1.66,-1.66
84.65,-4.17,-4.17,-2.48,-2.48,2.48,3.03,1.49,-1.69,-1.69,-1.70
85.50,-4.04,-4.05,-2.32,-2.32,2.32,2.93,1.31,-1.72,-1.73,-1.73
86.35,-3.93,-3.94,-2.17,-2.17,2.18,2.83,1.12,-1.76,-1.76,-1.77
87.22,-3.84,-3.84,-2.04,-2.03,2.04,2.72,0.93,-1.80,-1.80,-1.81
88.09,-3.75,-3.76,-1.91,-1.91,1.92,2.60,0.75,-1.83,-1.84,-1.85
88.97,-3.69,-3.69,-1.81,-1.81,1.81,2.49,0.56,-1.88,-1.88,-1.89
89.86,-3.64,-3.64,-1.72,-1.71,1.72,2.37,0.38,-1.93,-1.92,-1.93
90.76,-3.60,-3.60,-1.63,-1.63,1.63,2.24,0.19,-1.97,-1.97,-1.98
91.66,-3.56,-3.57,-1.55,-1.55,1.55,2.11,0.01,-2.01,-2.01,-2.02
92.58,-3.53,-3.54,-1.47,-1.47,1.48,1.98,-0.18,-2.06,-2.06,-2.07
93.51,-3.51,-3.51,-1.41,-1.40,1.40,1.84,-0.36,-2.11,-2.11,-2.11
94.44,-3.47,-3.48,-1.33,-1.33,1.32,1.70,-0.54,-2.15,-2.16,-2.15
95.39,-3.44,-3.44,-1.25,-1.24,1.24,1.56,-0.73,-2.21,-2.20,-2.20
96.34,-3.39,-3.39,-1.15,-1.14,1.14,1.40,-0.91,-2.25,-2.25,-2.25
97.30,-3.32,-3.33,-1.03,-1.03,1.03,1.25,-1.09,-2.30,-2.30,-2.30
98.28,-3.24,-3.24,-0.90,-0.90,0.89,1.08,-1.27,-2.35,-2.35,-2.35
99.26,-3.13,-3.14,-0.75,-0.74,0.74,0.92,-1.45,-2.39,-2.40,-2.39
100.25,-3.01,-3.01,-0.58,-0.57,0.56,0.74,-1.63,-2.45,-2.45,-2.44
101.25,-2.85,-2.86,-0.36,-0.37,0.36,0.56,-1.80,-2.49,-2.50,-2.49
102.27,-2.68,-2.68,-0.15,-0.14,0.13,0.37,-1.98,-2.55,-2.55,-2.54
103.29,-2.47,-2.47,0.11,0.11,-0.13,0.18,-2.15,-2.60,-2.60,-2.59
104.32,-2.24,-2.24,0.39,0.39,-0.41,-0.03,-2.32,-2.65,-2.65,-2.63
105.37,-1.98,-1.98,0.69,0.69,-0.71,-0.23,-2.49,-2.70,-2.70,-2.68
106.42,-1.71,-1.71,1.01,1.02,-1.03,-0.45,-2.65,-2.75,-2.74,-2.73
107.48,-1.42,-1.42,1.36,1.36,-1.36,-0.68,-2.82,-2.79,-2.79,-2.78
108.56,-1.13,-1.13,1.69,1.69,-1.70,-0.91,-2.97,-2.83,-2.83,-2.83
109.64,-0.84,-0.85,2.04,2.03,-2.03,-1.15,-3.13,-2.87,-2.87,-2.88
110.74,-0.58,-0.58,2.34,2.35,-2.34,-1.41,-3.27,-2.92,-2.92,-2.93
111.85,-0.32,-0.33,2.65,2.65,-2.63,-1.66,-3.41,-2.95,-2.96,-2.98
112.97,-0.12,-0.12,2.91,2.91,-2.88,-1.93,-3.55,-3.01,-3.00,-3.04
114.10,0.06,0.05,3.14,3.14,-3.10,-2.21,-3.68,-3.04,-3.05,-3.09
115.24,0.17,0.17,3.31,3.32,-3.28,-2.49,-3.79,-3.11,-3.11,-3.15
116.39,0.26,0.25,3.45,3.45,-3.42,-2.78,-3.90,-3.16,-3.17,-3.20
117.55,0.30,0.30,3.55,3.55,-3.53,-3.08,-4.00,-3.23,-3.23,-3.26
118.73,0.33,0.32,3.63,3.63,-3.62,-3.38,-4.09,-3.29,-3.29,-3.31
119.92,0.33,0.33,3.68,3.69,-3.69,-3.68,-4.17,-3.36,-3.36,-3.36
121.12,0.34,0.34,3.74,3.74,-3.76,-3.98,-4.24,-3.42,-3.42,-3.41
122.33,0.36,0.36,3.81,3.82,-3.85,-4.28,-4.29,-3.49,-3.48,-3.46
123.55,0.41,0.41,3.91,3.92,-3.95,-4.58,-4.34,-3.55,-3.55,-3.51
124.79,0.50,0.49,4.05,4.05,-4.10,-4.85,-4.37,-3.60,-3.61,-3.56
126.03,0.60,0.61,4.21,4.22,-4.27,-5.13,-4.40,-3.68,-3.66,-3.61
127.29,0.77,0.77,4.43,4.43,-4.49,-5.37,-4.40,-3.72,-3.72,-3.66
128.57,0.97,0.96,4.68,4.68,-4.73,-5.60,-4.40,-3.76,-3.77,-3.72
129.85,1.18,1.18,4.94,4.95,-4.99,-5.78,-4.39,-3.81,-3.80,-3.77
131.15,1.41,1.41,5.22,5.23,-5.24,-5.96,-4.36,-3.83,-3.83,-3.82
132.46,1.62,1.62,5.48,5.48,-5.47,-6.07,-4.32,-3.85,-3.85,-3.87
133.79,1.80,1.79,5.70,5.70,-5.64,-6.17,-4.28,-3.84,-3.86,-3.91
135.12,1.88,1.88,5.83,5.84,-5.75,-6.20,-4.22,-3.87,-3.87,-3.96
136.48,1.89,1.88,5.88,5.88,-5.77,-6.22,-4.16,-3.89,-3.89,-4.00
137.84,1.79,1.77,5.83,5.82,-5.71,-6.18,-4.09,-3.93,-3.94,-4.05
139.22,1.56,1.56,5.65,5.66,-5.57,-6.13,-4.01,-4.01,-4.01,-4.10
140.61,1.28,1.27,5.41,5.41,-5.36,-6.03,-3.92,-4.08,-4.09,-4.14
142.02,0.94,0.94,5.11,5.11,-5.10,-5.92,-3.83,-4.16,-4.17,-4.17
143.44,0.58,0.59,4.79,4.80,-4.82,-5.78,-3.73,-4.24,-4.23,-4.21
144.87,0.26,0.25,4.50,4.50,-4.55,-5.64,-3.64,-4.29,-4.30,-4.25
146.32,-0.04,-0.04,4.24,4.25,-4.31,-5.49,-3.53,-4.35,-4.34,-4.29
147.78,-0.26,-0.26,4.05,4.07,-4.13,-5.34,-3.42,-4.39,-4.38,-4.32
149.26,-0.39,-0.40,3.96,3.96,-4.03,-5.18,-3.31,-4.42,-4.43,-4.36
150.75,-0.45,-0.45,3.94,3.95,-4.02,-5.03,-3.20,-4.48,-4.48,-4.40
152.26,-0.42,-0.41,4.01,4.02,-4.11,-4.90,-3.08,-4.54,-4.53,-4.44
153.78,-0.29,-0.29,4.19,4.19,-4.29,-4.76,-2.97,-4.58,-4.58,-4.48
155.32,-0.08,-0.08,4.43,4.43,-4.53,-4.65,-2.85,-4.61,-4.61,-4.52
156.88,0.18,0.19,4.73,4.74,-4.81,-4.55,-2.73,-4.63,-4.62,-4.56
158.44,0.47,0.48,5.07,5.08,-5.08,-4.47,-2.62,-4.61,-4.60,-4.60
160.03,0.76,0.75,5.39,5.39,-5.31,-4.39,-2.50,-4.55,-4.56,-4.64
161.63,0.95,0.94,5.62,5.61,-5.46,-4.34,-2.38,-4.51,-4.52,-4.68
163.24,1.00,0.99,5.71,5.70,-5.51,-4.29,-2.27,-4.51,-4.52,-4.72
164.88,0.89,0.87,5.63,5.63,-5.43,-4.26,-2.15,-4.54,-4.56,-4.75
166.53,0.61,0.60,5.40,5.39,-5.24,-4.23,-2.03,-4.63,-4.64,-4.79
168.19,0.20,0.19,5.02,5.02,-4.95,-4.20,-1.92,-4.75,-4.76,-4.83
169.87,-0.30,-0.30,4.56,4.57,-4.58,-4.16,-1.81,-4.88,-4.88,-4.87
171.57,-0.81,-0.80,4.09,4.10,-4.18,-4.10,-1.69,-4.99,-4.98,-4.91
173.29,-1.28,-1.28,3.66,3.66,-3.78,-4.04,-1.58,-5.06,-5.05,-4.94
175.02,-1.68,-1.68,3.29,3.30,-3.42,-3.92,-1.47,-5.10,-5.10,-4.98
176.77,-2.00,-2.00,3.01,3.02,-3.13,-3.79,-1.36,-5.14,-5.13,-5.02
178.54,-2.23,-2.23,2.82,2.83,-2.93,-3.60,-1.25,-5.17,-5.16,-5.06
180.32,-2.37,-2.37,2.72,2.73,-2.82,-3.41,-1.15,-5.19,-5.19,-5.10
182.13,-2.43,-2.43,2.69,2.70,-2.77,-3.18,-1.04,-5.21,-5.20,-5.13
183.95,-2.43,-2.43,2.73,2.74,-2.77,-2.94,-0.93,-5.20,-5.20,-5.17
185.79,-2.40,-2.40,2.79,2.80,-2.78,-2.69,-0.83,-5.18,-5.18,-5.20
187.65,-2.38,-2.39,2.85,2.84,-2.76,-2.44,-0.73,-5.15,-5.16,-5.24
189.52,-2.43,-2.44,2.83,2.83,-2.71,-2.19,-0.63,-5.14,-5.15,-5.27
191.42,-2.56,-2.57,2.73,2.72,-2.59,-1.94,-0.52,-5.16,-5.17,-5.30
193.33,-2.80,-2.81,2.52,2.52,-2.41,-1.70,-0.43,-5.21,-5.21,-5.33
195.27,-3.13,-3.13,2.23,2.22,-2.15,-1.46,-0.33,-5.28,-5.29,-5.36
197.22,-3.52,-3.53,1.86,1.86,-1.84,-1.23,-0.23,-5.36,-5.37,-5.39
199.19,-3.95,-3.95,1.46,1.47,-1.49,-1.01,-0.14,-5.45,-5.44,-5.42
201.18,-4.37,-4.37,1.06,1.07,-1.14,-0.79,-0.04,-5.51,-5.50,-5.44
203.19,-4.76,-4.76,0.69,0.70,-0.79,-0.57,0.05,-5.55,-5.54,-5.46
205.23,-5.10,-5.10,0.38,0.37,-0.46,-0.36,0.14,-5.56,-5.56,-5.48
207.28,-5.39,-5.39,0.09,0.10,-0.17,-0.15,0.23,-5.56,-5.56,-5.49
209.35,-5.64,-5.64,-0.14,-0.13,0.09,0.07,0.31,-5.55,-5.55,-5.51
211.44,-5.85,-5.85,-0.33,-0.33,0.33,0.29,0.40,-5.53,-5.53,-5.53
213.56,-6.05,-6.05,-0.52,-0.52,0.55,0.51,0.48,-5.51,-5.51,-5.54
215.69,-6.25,-6.26,-0.72,-0.72,0.77,0.74,0.56,-5.49,-5.49,-5.54
217.85,-6.48,-6.48,-0.94,-0.94,1.00,0.97,0.64,-5.49,-5.49,-5.55
220.03,-6.73,-6.74,-1.18,-1.18,1.24,1.20,0.71,-5.49,-5.50,-5.56
222.23,-7.01,-7.02,-1.45,-1.45,1.50,1.45,0.78,-5.51,-5.52,-5.57
224.45,-7.31,-7.31,-1.75,-1.74,1.77,1.69,0.85,-5.55,-5.55,-5.57
226.70,-7.61,-7.61,-2.05,-2.04,2.03,1.94,0.91,-5.58,-5.58,-5.57
228.96,-7.88,-7.88,-2.32,-2.32,2.28,2.18,0.97,-5.60,-5.60,-5.57
231.25,-8.12,-8.12,-2.57,-2.56,2.51,2.41,1.03,-5.61,-5.61,-5.56
233.57,-8.31,-8.31,-2.76,-2.75,2.70,2.63,1.08,-5.61,-5.61,-5.56
235.90,-8.45,-8.45,-2.90,-2.90,2.86,2.82,1.12,-5.60,-5.59,-5.56
238.26,-8.54,-8.54,-3.00,-2.99,2.97,3.00,1.16,-5.57,-5.57,-5.55
240.64,-8.58,-8.59,-3.05,-3.05,3.04,3.12,1.20,-5.54,-5.54,-5.54
243.05,-8.60,-8.60,-3.08,-3.07,3.09,3.22,1.23,-5.51,-5.51,-5.53
245.48,-8.59,-8.59,-3.08,-3.07,3.11,3.25,1.26,-5.49,-5.49,-5.52
247.93,-8.56,-8.57,-3.06,-3.06,3.10,3.25,1.28,-5.46,-5.47,-5.51
250.41,-8.53,-8.54,-3.04,-3.04,3.08,3.19,1.29,-5.46,-5.46,-5.50
252.92,-8.49,-8.49,-3.02,-3.01,3.02,3.11,1.31,-5.47,-5.47,-5.48
255.45,-8.42,-8.42,-2.97,-2.96,2.94,2.97,1.31,-5.48,-5.48,-5.46
258.00,-8.32,-8.32,-2.88,-2.87,2.83,2.82,1.31,-5.50,-5.49,-5.45
260.58,-8.17,-8.17,-2.75,-2.74,2.68,2.64,1.31,-5.50,-5.49,-5.43
263.19,-7.96,-7.96,-2.56,-2.56,2.49,2.45,1.30,-5.47,-5.47,-5.41
265.82,-7.72,-7.71,-2.34,-2.33,2.28,2.26,1.28,-5.44,-5.43,-5.39
268.48,-7.43,-7.43,-2.07,-2.07,2.06,2.06,1.26,-5.37,-5.37,-5.37
271.16,-7.14,-7.15,-1.80,-1.80,1.84,1.87,1.24,-5.30,-5.30,-5.35
273.87,-6.87,-6.88,-1.55,-1.55,1.63,1.68,1.21,-5.24,-5.24,-5.33
276.61,-6.65,-6.66,-1.35,-1.35,1.45,1.51,1.18,-5.20,-5.21,-5.31
279.38,-6.49,-6.50,-1.21,-1.21,1.29,1.33,1.15,-5.20,-5.21,-5.29
282.17,-6.38,-6.38,-1.12,-1.12,1.15,1.18,1.11,-5.24,-5.24,-5.27
284.99,-6.29,-6.29,-1.05,-1.05,1.01,1.03,1.07,-5.28,-5.28,-5.25
287.84,-6.20,-6.19,-0.98,-0.97,0.88,0.89,1.02,-5.32,-5.31,-5.23
290.72,-6.07,-6.06,-0.87,-0.86,0.75,0.75,0.98,-5.32,-5.31,-5.21
293.63,-5.89,-5.89,-0.71,-0.70,0.62,0.63,0.93,-5.27,-5.26,-5.19
296.57,-5.68,-5.68,-0.52,-0.51,0.49,0.52,0.88,-5.19,-5.19,-5.17
299.53,-5.46,-5.47,-0.32,-0.32,0.37,0.41,0.83,-5.09,-5.10,-5.15
302.53,-5.28,-5.29,-0.16,-0.16,0.26,0.31,0.78,-5.02,-5.03,-5.13
305.55,-5.15,-5.16,-0.06,-0.06,0.17,0.22,0.72,-4.98,-5.00,-5.10
308.61,-5.09,-5.10,-0.02,-0.02,0.09,0.13,0.67,-5.00,-5.01,-5.08
311.69,-5.07,-5.07,-0.03,-0.02,0.03,0.04,0.61,-5.04,-5.04,-5.05
314.81,-5.05,-5.05,-0.04,-0.03,-0.03,-0.04,0.55,-5.08,-5.08,-5.02
317.96,-5.01,-5.00,-0.02,-0.00,-0.09,-0.11,0.49,-5.10,-5.09,-5.00
321.14,-4.91,-4.91,0.06,0.07,-0.16,-0.19,0.44,-5.08,-5.07,-4.98
324.35,-4.77,-4.77,0.18,0.19,-0.25,-0.26,0.38,-5.02,-5.02,-4.96
327.59,-4.60,-4.60,0.33,0.34,-0.34,-0.32,0.32,-4.95,-4.94,-4.94
330.87,-4.42,-4.43,0.49,0.49,-0.44,-0.39,0.26,-4.87,-4.88,-4.92
334.18,-4.28,-4.29,0.61,0.61,-0.54,-0.45,0.20,-4.82,-4.83,-4.90
337.52,-4.17,-4.18,0.70,0.70,-0.62,-0.51,0.14,-4.80,-4.80,-4.88
340.90,-4.11,-4.12,0.74,0.74,-0.69,-0.58,0.08,-4.80,-4.81,-4.86
344.30,-4.08,-4.08,0.75,0.76,-0.74,-0.64,0.02,-4.82,-4.82,-4.84
347.75,-4.06,-4.06,0.75,0.76,-0.77,-0.69,-0.05,-4.83,-4.83,-4.82
351.23,-4.03,-4.03,0.76,0.76,-0.81,-0.75,-0.11,-4.84,-4.84,-4.80
354.74,-3.99,-3.99,0.78,0.79,-0.85,-0.81,-0.17,-4.85,-4.85,-4.78
358.28,-3.93,-3.93,0.83,0.84,-0.91,-0.87,-0.23,-4.84,-4.83,-4.77
361.87,-3.83,-3.83,0.91,0.92,-0.97,-0.93,-0.29,-4.80,-4.80,-4.75
365.49,-3.70,-3.70,1.02,1.03,-1.03,-0.98,-0.35,-4.73,-4.73,-4.73
369.14,-3.57,-3.57,1.14,1.14,-1.08,-1.04,-0.41,-4.65,-4.65,-4.72
372.83,-3.46,-3.47,1.23,1.23,-1.12,-1.10,-0.47,-4.59,-4.60,-4.70
376.56,-3.41,-3.43,1.27,1.26,-1.16,-1.15,-0.53,-4.58,-4.59,-4.69
380.33,-3.42,-3.43,1.24,1.24,-1.21,-1.21,-0.59,-4.63,-4.64,-4.67
384.13,-3.47,-3.47,1.18,1.19,-1.25,-1.26,-0.65,-4.72,-4.72,-4.66
387.97,-3.49,-3.47,1.15,1.17,-1.30,-1.32,-0.71,-4.79,-4.77,-4.65
391.85,-3.43,-3.41,1.20,1.22,-1.34,-1.37,-0.77,-4.77,-4.75,-4.64
395.77,-3.29,-3.29,1.32,1.34,-1.37,-1.42,-0.84,-4.67,-4.66,-4.62
399.73,-3.12,-3.13,1.48,1.47,-1.41,-1.48,-0.90,-4.53,-4.54,-4.61
403.72,-3.00,-3.02,1.59,1.57,-1.45,-1.52,-0.95,-4.45,-4.47,-4.60
407.76,-2.97,-2.99,1.61,1.60,-1.49,-1.57,-1.01,-4.47,-4.49,-4.59
411.84,-3.02,-3.02,1.55,1.55,-1.54,-1.62,-1.07,-4.56,-4.56,-4.58
415.96,-3.08,-3.06,1.48,1.51,-1.57,-1.66,-1.13,-4.65,-4.63,-4.57
420.12,-3.08,-3.06,1.47,1.50,-1.58,-1.69,-1.19,-4.66,-4.64,-4.56
424.32,-3.00,-3.00,1.54,1.54,-1.58,-1.73,-1.25,-4.58,-4.58,-4.55
428.56,-2.91,-2.93,1.62,1.61,-1.59,-1.76,-1.30,-4.50,-4.52,-4.54
432.85,-2.85,-2.87,1.67,1.65,-1.62,-1.79,-1.36,-4.47,-4.49,-4.53
437.18,-2.85,-2.86,1.66,1.66,-1.66,-1.81,-1.41,-4.51,-4.51,-4.52
441.55,-2.85,-2.84,1.64,1.67,-1.70,-1.83,-1.46,-4.55,-4.54,-4.50
445.96,-2.80,-2.78,1.68,1.71,-1.74,-1.85,-1.52,-4.54,-4.51,-4.49
450.42,-2.68,-2.68,1.79,1.79,-1.77,-1.86,-1.57,-4.45,-4.45,-4.48
454.93,-2.57,-2.60,1.88,1.86,-1.80,-1.87,-1.61,-4.38,-4.41,-4.46
459.48,-2.55,-2.58,1.89,1.87,-1.84,-1.88,-1.66,-4.40,-4.42,-4.45
464.07,-2.60,-2.60,1.83,1.84,-1.88,-1.88,-1.70,-4.48,-4.47,-4.44
468.71,-2.63,-2.59,1.78,1.83,-1.89,-1.88,-1.75,-4.52,-4.48,-4.42
473.40,-2.55,-2.52,1.85,1.88,-1.89,-1.88,-1.79,-4.44,-4.41,-4.41
478.13,-2.40,-2.42,1.98,1.97,-1.88,-1.87,-1.82,-4.28,-4.30,-4.39
482.91,-2.32,-2.38,2.05,2.00,-1.89,-1.87,-1.86,-4.21,-4.26,-4.38
487.74,-2.39,-2.43,1.96,1.92,-1.92,-1.86,-1.89,-4.31,-4.35,-4.36
492.62,-2.56,-2.53,1.77,1.81,-1.95,-1.86,-1.92,-4.51,-4.48,-4.34
497.55,-2.60,-2.53,1.72,1.79,-1.97,-1.85,-1.95,-4.58,-4.50,-4.33
502.52,-2.43,-2.39,1.87,1.92,-1.98,-1.85,-1.97,-4.42,-4.37,-4.31
507.55,-2.13,-2.18,2.16,2.12,-1.99,-1.84,-2.00,-4.12,-4.17,-4.30
512.62,-1.98,-2.08,2.29,2.20,-2.01,-1.84,-2.02,-3.99,-4.09,-4.28
517.75,-2.10,-2.13,2.15,2.13,-2.04,-1.83,-2.03,-4.14,-4.17,-4.26
522.93,-2.32,-2.26,1.91,1.98,-2.06,-1.83,-2.05,-4.39,-4.32,-4.24
528.16,-2.37,-2.29,1.85,1.93,-2.08,-1.83,-2.06,-4.45,-4.37,-4.23
533.44,-2.20,-2.19,2.00,2.01,-2.07,-1.83,-2.07,-4.27,-4.26,-4.21
538.77,-1.99,-2.08,2.19,2.11,-2.05,-1.83,-2.08,-4.04,-4.13,-4.19
544.16,-1.99,-2.05,2.17,2.12,-2.03,-1.84,-2.09,-4.02,-4.08,-4.17
549.60,-2.14,-2.11,2.00,2.04,-2.02,-1.84,-2.09,-4.16,-4.13,-4.15
555.10,-2.22,-2.15,1.91,1.98,-2.03,-1.85,-2.10,-4.25,-4.18,-4.14
560.65,-2.12,-2.11,1.99,2.01,-2.04,-1.86,-2.10,-4.16,-4.15,-4.12
566.25,-1.98,-2.05,2.11,2.05,-2.04,-1.87,-2.11,-4.02,-4.09,-4.10
571.92,-1.99,-2.03,2.09,2.05,-2.04,-1.88,-2.11,-4.03,-4.07,-4.09
577.64,-2.09,-2.04,1.98,2.03,-2.05,-1.90,-2.11,-4.14,-4.09,-4.08
583.41,-2.07,-2.02,1.98,2.04,-2.09,-1.92,-2.11,-4.16,-4.11,-4.06
589.25,-1.93,-1.96,2.11,2.09,-2.13,-1.93,-2.11,-4.06,-4.09,-4.05
595.14,-1.83,-1.89,2.19,2.14,-2.15,-1.96,-2.11,-3.99,-4.04,-4.03
601.09,-1.85,-1.84,2.16,2.18,-2.15,-1.98,-2.12,-4.00,-3.99,-4.02
607.10,-1.85,-1.79,2.14,2.21,-2.13,-2.00,-2.12,-3.98,-3.92,-4.00
613.17,-1.74,-1.75,2.23,2.23,-2.11,-2.03,-2.12,-3.86,-3.86,-3.98
619.30,-1.69,-1.78,2.26,2.18,-2.10,-2.06,-2.13,-3.79,-3.88,-3.96
625.50,-1.85,-1.89,2.08,2.05,-2.08,-2.09,-2.13,-3.94,-3.97,-3.94
631.75,-2.08,-2.00,1.84,1.92,-2.07,-2.12,-2.14,-4.15,-4.07,-3.93
638.07,-2.08,-2.00,1.82,1.91,-2.06,-2.15,-2.15,-4.14,-4.06,-3.91
644.45,-1.86,-1.89,2.03,2.00,-2.05,-2.19,-2.15,-3.92,-3.95,-3.90
650.89,-1.68,-1.77,2.19,2.11,-2.06,-2.22,-2.16,-3.74,-3.82,-3.88
657.40,-1.70,-1.70,2.16,2.16,-2.06,-2.26,-2.18,-3.77,-3.77,-3.87
663.98,-1.75,-1.70,2.09,2.15,-2.08,-2.30,-2.19,-3.83,-3.77,-3.85
670.62,-1.70,-1.70,2.13,2.14,-2.10,-2.34,-2.21,-3.81,-3.80,-3.84
677.32,-1.65,-1.69,2.17,2.13,-2.14,-2.38,-2.22,-3.79,-3.83,-3.83
684.10,-1.69,-1.71,2.12,2.11,-2.15,-2.43,-2.24,-3.85,-3.86,-3.82
690.94,-1.75,-1.73,2.04,2.07,-2.15,-2.47,-2.26,-3.91,-3.88,-3.80
697.85,-1.74,-1.71,2.04,2.08,-2.14,-2.51,-2.28,-3.89,-3.85,-3.79
704.83,-1.63,-1.62,2.14,2.16,-2.13,-2.56,-2.31,-3.76,-3.75,-3.78
711.87,-1.50,-1.52,2.26,2.24,-2.12,-2.61,-2.33,-3.63,-3.65,-3.77
718.99,-1.44,-1.51,2.31,2.25,-2.13,-2.65,-2.36,-3.57,-3.64,-3.76
726.18,-1.57,-1.59,2.17,2.16,-2.16,-2.70,-2.39,-3.73,-3.74,-3.75
733.44,-1.72,-1.65,2.01,2.08,-2.20,-2.74,-2.42,-3.92,-3.85,-3.74
740.78,-1.68,-1.64,2.03,2.09,-2.24,-2.79,-2.46,-3.92,-3.88,-3.72
748.19,-1.48,-1.53,2.22,2.19,-2.28,-2.83,-2.49,-3.76,-3.80,-3.71
755.67,-1.34,-1.36,2.36,2.34,-2.30,-2.88,-2.53,-3.65,-3.67,-3.71
763.23,-1.26,-1.23,2.43,2.47,-2.33,-2.92,-2.57,-3.60,-3.56,-3.70
770.86,-1.15,-1.19,2.53,2.50,-2.38,-2.96,-2.61,-3.53,-3.57,-3.69
778.57,-1.15,-1.20,2.52,2.48,-2.43,-3.01,-2.65,-3.59,-3.63,-3.68
786.35,-1.27,-1.22,2.39,2.45,-2.47,-3.05,-2.69,-3.75,-3.70,-3.67
794.22,-1.27,-1.25,2.39,2.41,-2.50,-3.08,-2.74,-3.77,-3.75,-3.67
802.16,-1.20,-1.24,2.45,2.42,-2.50,-3.12,-2.78,-3.70,-3.74,-3.66
810.18,-1.18,-1.13,2.46,2.52,-2.50,-3.15,-2.83,-3.69,-3.63,-3.65
818.28,-1.06,-1.04,2.58,2.61,-2.53,-3.18,-2.87,-3.59,-3.57,-3.65
826.46,-0.89,-1.04,2.74,2.60,-2.59,-3.21,-2.92,-3.48,-3.63,-3.64
834.73,-1.05,-1.04,2.58,2.59,-2.65,-3.23,-2.96,-3.70,-3.69,-3.64
843.08,-1.17,-0.98,2.45,2.65,-2.71,-3.25,-3.01,-3.89,-3.69,-3.63
851.51,-0.85,-0.90,2.77,2.72,-2.77,-3.26,-3.05,-3.62,-3.67,-3.63
860.02,-0.61,-0.77,3.00,2.85,-2.81,-3.28,-3.10,-3.42,-3.58,-3.62
868.62,-0.74,-0.63,2.87,2.99,-2.85,-3.28,-3.14,-3.59,-3.47,-3.62
877.31,-0.65,-0.63,2.95,2.97,-2.89,-3.29,-3.18,-3.55,-3.53,-3.61
886.08,-0.55,-0.70,3.04,2.90,-2.95,-3.29,-3.22,-3.50,-3.65,-3.60
894.94,-0.76,-0.67,2.82,2.92,-3.00,-3.28,-3.25,-3.76,-3.67,-3.59
903.89,-0.72,-0.63,2.86,2.95,-3.05,-3.27,-3.28,-3.77,-3.68,-3.59
912.93,-0.44,-0.54,3.13,3.04,-3.09,-3.26,-3.31,-3.53,-3.63,-3.58
922.06,-0.39,-0.38,3.17,3.19,-3.13,-3.24,-3.34,-3.52,-3.51,-3.57
931.28,-0.31,-0.33,3.25,3.23,-3.17,-3.22,-3.36,-3.48,-3.50,-3.57
940.59,-0.28,-0.33,3.27,3.23,-3.21,-3.19,-3.37,-3.50,-3.54,-3.56
950.00,-0.38,-0.25,3.16,3.30,-3.27,-3.16,-3.38,-3.65,-3.52,-3.55
959.50,-0.17,-0.22,3.36,3.31,-3.32,-3.12,-3.38,-3.49,-3.54,-3.54
969.09,-0.06,-0.19,3.45,3.33,-3.38,-3.09,-3.39,-3.44,-3.57,-3.52
978.78,-0.26,-0.13,3.24,3.38,-3.43,-3.04,-3.38,-3.69,-3.56,-3.51
988.57,-0.12,-0.13,3.37,3.36,-3.45,-3.00,-3.36,-3.57,-3.58,-3.50
998.46,-0.00,-0.05,3.47,3.43,-3.46,-2.95,-3.34,-3.46,-3.50,-3.48
1008.44,0.02,0.13,3.47,3.59,-3.45,-2.90,-3.32,-3.44,-3.32,-3.46
1018.53,0.27,0.18,3.70,3.62,-3.45,-2.84,-3.28,-3.18,-3.27,-3.44
1028.71,0.23,0.10,3.64,3.52,-3.45,-2.78,-3.25,-3.23,-3.35,-3.42
1039.00,-0.09,-0.03,3.30,3.37,-3.45,-2.72,-3.20,-3.54,-3.48,-3.40
1049.39,-0.26,-0.15,3.11,3.23,-3.43,-2.66,-3.15,-3.70,-3.58,-3.38
1059.88,-0.13,-0.13,3.22,3.23,-3.39,-2.60,-3.09,-3.52,-3.52,-3.36
1070.48,0.08,0.03,3.40,3.36,-3.32,-2.53,-3.03,-3.24,-3.29,-3.33
1081.19,0.14,0.13,3.43,3.43,-3.23,-2.47,-2.96,-3.10,-3.10,-3.30
1092.00,0.15,0.06,3.41,3.33,-3.17,-2.40,-2.89,-3.02,-3.10,-3.27
1102.92,-0.12,-0.10,3.11,3.14,-3.11,-2.33,-2.81,-3.23,-3.21,-3.24
1113.95,-0.33,-0.27,2.87,2.94,-3.04,-2.27,-2.73,-3.37,-3.31,-3.21
1125.09,-0.37,-0.37,2.79,2.80,-2.95,-2.20,-2.64,-3.32,-3.32,-3.17
1136.34,-0.37,-0.39,2.75,2.74,-2.83,-2.13,-2.56,-3.20,-3.21,-3.13
1147.70,-0.33,-0.34,2.74,2.74,-2.68,-2.06,-2.46,-3.02,-3.02,-3.08
1159.18,-0.40,-0.38,2.63,2.66,-2.55,-1.99,-2.37,-2.96,-2.93,-3.04
1170.77,-0.35,-0.48,2.64,2.52,-2.44,-1.92,-2.27,-2.79,-2.92,-3.00
1182.48,-0.69,-0.60,2.25,2.35,-2.34,-1.85,-2.17,-3.03,-2.94,-2.95
1194.30,-0.75,-0.74,2.14,2.16,-2.24,-1.78,-2.07,-2.99,-2.98,-2.90
1206.25,-0.77,-0.81,2.07,2.03,-2.12,-1.71,-1.97,-2.90,-2.94,-2.85
1218.31,-0.90,-0.82,1.88,1.97,-2.00,-1.64,-1.86,-2.90,-2.82,-2.79
1230.49,-0.73,-0.84,2.00,1.90,-1.87,-1.58,-1.76,-2.60,-2.71,-2.74
1242.80,-0.94,-0.88,1.74,1.80,-1.75,-1.51,-1.65,-2.69,-2.63,-2.69
1255.22,-0.90,-0.91,1.72,1.72,-1.64,-1.44,-1.55,-2.55,-2.56,-2.63
1267.78,-1.02,-1.03,1.54,1.54,-1.55,-1.38,-1.44,-2.57,-2.58,-2.57
1280.45,-1.04,-1.08,1.46,1.42,-1.45,-1.31,-1.34,-2.50,-2.54,-2.51
1293.26,-1.23,-1.16,1.20,1.28,-1.35,-1.25,-1.23,-2.58,-2.51,-2.44
1306.19,-1.14,-1.18,1.23,1.20,-1.23,-1.18,-1.12,-2.38,-2.41,-2.38
1319.25,-1.20,-1.16,1.10,1.14,-1.13,-1.12,-1.02,-2.33,-2.29,-2.31
1332.45,-1.11,-1.15,1.12,1.09,-1.02,-1.05,-0.91,-2.14,-2.18,-2.24
1345.77,-1.16,-1.21,1.00,0.96,-0.92,-0.99,-0.80,-2.09,-2.13,-2.17
1359.23,-1.32,-1.29,0.77,0.81,-0.82,-0.93,-0.70,-2.15,-2.11,-2.10
1372.82,-1.36,-1.35,0.65,0.67,-0.71,-0.86,-0.59,-2.07,-2.07,-2.02
1386.55,-1.41,-1.35,0.53,0.60,-0.60,-0.80,-0.49,-2.01,-1.94,-1.95
1400.41,-1.29,-1.35,0.58,0.52,-0.48,-0.74,-0.38,-1.77,-1.83,-1.88
1414.42,-1.32,-1.42,0.48,0.39,-0.36,-0.68,-0.28,-1.69,-1.78,-1.81
1428.56,-1.57,-1.50,0.15,0.23,-0.25,-0.62,-0.17,-1.83,-1.75,-1.73
1442.85,-1.62,-1.56,0.03,0.10,-0.16,-0.56,-0.07,-1.78,-1.72,-1.66
1457.28,-1.55,-1.56,0.03,0.03,-0.06,-0.50,0.04,-1.62,-1.62,-1.59
1471.85,-1.46,-1.55,0.05,-0.03,0.03,-0.44,0.14,-1.43,-1.52,-1.52
1486.57,-1.55,-1.54,-0.11,-0.09,0.14,-0.38,0.25,-1.41,-1.40,-1.45
1501.43,-1.67,-1.58,-0.31,-0.21,0.24,-0.32,0.35,-1.43,-1.34,-1.37
1516.45,-1.50,-1.59,-0.23,-0.31,0.33,-0.26,0.45,-1.17,-1.26,-1.28
1531.61,-1.64,-1.61,-0.45,-0.42,0.42,-0.19,0.56,-1.23,-1.20,-1.20
1546.93,-1.57,-1.63,-0.47,-0.52,0.51,-0.13,0.66,-1.07,-1.12,-1.11
1562.40,-1.75,-1.69,-0.74,-0.67,0.61,-0.07,0.76,-1.15,-1.08,-1.02
1578.02,-1.64,-1.67,-0.72,-0.74,0.71,-0.01,0.86,-0.93,-0.96,-0.93
1593.80,-1.67,-1.62,-0.83,-0.78,0.81,0.05,0.96,-0.86,-0.81,-0.85
1609.74,-1.55,-1.62,-0.81,-0.87,0.91,0.11,1.06,-0.64,-0.70,-0.75
1625.84,-1.57,-1.65,-0.93,-1.00,1.02,0.18,1.17,-0.56,-0.63,-0.65
1642.10,-1.81,-1.65,-1.27,-1.11,1.12,0.24,1.26,-0.69,-0.54,-0.55
1658.52,-1.64,-1.69,-1.21,-1.25,1.22,0.31,1.36,-0.42,-0.47,-0.44
1675.10,-1.62,-1.70,-1.29,-1.36,1.33,0.37,1.46,-0.30,-0.38,-0.34
1691.85,-1.72,-1.66,-1.49,-1.42,1.44,0.44,1.56,-0.28,-0.22,-0.24
1708.77,-1.70,-1.68,-1.58,-1.55,1.56,0.51,1.66,-0.15,-0.12,-0.13
1725.86,-1.61,-1.68,-1.60,-1.66,1.67,0.58,1.75,0.05,-0.01,-0.02
1743.12,-1.67,-1.65,-1.78,-1.75,1.77,0.65,1.84,0.10,0.12,0.10
1760.55,-1.66,-1.64,-1.88,-1.86,1.87,0.72,1.94,0.20,0.22,0.21
1778.15,-1.61,-1.66,-1.95,-1.99,1.96,0.80,2.03,0.34,0.30,0.33
1795.94,-1.65,-1.62,-2.10,-2.06,2.04,0.87,2.11,0.39,0.42,0.44
1813.90,-1.61,-1.58,-2.18,-2.15,2.13,0.95,2.20,0.51,0.54,0.56
1832.03,-1.47,-1.53,-2.16,-2.22,2.21,1.03,2.28,0.73,0.67,0.68
1850.36,-1.49,-1.45,-2.31,-2.25,2.29,1.11,2.36,0.79,0.84,0.81
1868.86,-1.38,-1.41,-2.32,-2.34,2.37,1.19,2.44,0.98,0.95,0.93
1887.55,-1.33,-1.36,-2.39,-2.41,2.43,1.28,2.51,1.10,1.08,1.05
1906.42,-1.38,-1.29,-2.56,-2.47,2.49,1.37,2.59,1.11,1.20,1.17
1925.49,-1.17,-1.28,-2.48,-2.58,2.56,1.46,2.66,1.38,1.28,1.30
1944.74,-1.24,-1.25,-2.68,-2.68,2.62,1.56,2.72,1.38,1.38,1.43
1964.19,-1.24,-1.14,-2.81,-2.70,2.68,1.65,2.78,1.44,1.54,1.56
1983.83,-1.04,-1.03,-2.73,-2.72,2.74,1.75,2.84,1.69,1.70,1.68
2003.67,-0.82,-0.92,-2.64,-2.73,2.77,1.86,2.90,1.95,1.85,1.81
2023.71,-0.82,-0.86,-2.74,-2.77,2.80,1.97,2.95,1.98,1.94,1.91
2043.94,-0.91,-0.83,-2.94,-2.86,2.82,2.08,3.00,1.90,1.98,2.02
2064.38,-0.79,-0.75,-2.93,-2.88,2.82,2.19,3.04,2.02,2.07,2.13
2085.03,-0.59,-0.60,-2.83,-2.84,2.81,2.32,3.08,2.22,2.21,2.23
2105.88,-0.37,-0.47,-2.72,-2.81,2.81,2.44,3.12,2.44,2.34,2.34
2126.94,-0.37,-0.36,-2.82,-2.81,2.81,2.57,3.16,2.44,2.45,2.44
2148.20,-0.36,-0.26,-2.92,-2.81,2.82,2.70,3.20,2.45,2.56,2.55
2169.69,-0.12,-0.16,-2.78,-2.81,2.83,2.84,3.23,2.71,2.68,2.65
2191.38,-0.01,-0.07,-2.77,-2.83,2.86,2.98,3.26,2.85,2.79,2.75
2213.30,-0.01,-0.03,-2.87,-2.89,2.92,3.12,3.29,2.91,2.89,2.85
2235.43,-0.11,-0.03,-3.08,-2.98,3.00,3.27,3.32,2.88,2.97,2.96
2257.78,-0.04,-0.05,-3.11,-3.11,3.09,3.43,3.34,3.05,3.04,3.06
2280.36,-0.00,-0.10,-3.16,-3.26,3.21,3.58,3.37,3.21,3.11,3.15
2303.17,-0.19,-0.12,-3.45,-3.37,3.35,3.75,3.40,3.16,3.23,3.25
2326.20,-0.22,-0.15,-3.58,-3.51,3.52,3.91,3.42,3.30,3.37,3.35
2349.46,-0.15,-0.25,-3.61,-3.69,3.71,4.08,3.45,3.56,3.46,3.45
2372.95,-0.28,-0.32,-3.82,-3.86,3.91,4.25,3.48,3.63,3.59,3.53
2396.68,-0.59,-0.50,-4.21,-4.11,4.14,4.42,3.51,3.55,3.64,3.61
2420.65,-0.65,-0.71,-4.34,-4.39,4.41,4.59,3.54,3.75,3.70,3.68
2444.86,-0.94,-0.91,-4.71,-4.67,4.69,4.77,3.57,3.74,3.78,3.76
2469.31,-1.05,-1.08,-4.89,-4.92,4.97,4.94,3.60,3.92,3.89,3.83
2494.00,-1.32,-1.30,-5.24,-5.21,5.24,5.10,3.63,3.91,3.93,3.91
2518.94,-1.49,-1.50,-5.48,-5.48,5.47,5.27,3.67,3.98,3.97,3.98
2544.13,-1.74,-1.75,-5.79,-5.79,5.68,5.42,3.71,3.93,3.93,4.04
2569.57,-1.96,-1.96,-6.07,-6.07,5.83,5.57,3.75,3.87,3.87,4.10
2595.27,-2.20,-2.18,-6.38,-6.35,5.94,5.70,3.80,3.74,3.76,4.17
2621.22,-2.36,-2.37,-6.60,-6.60,6.01,5.83,3.84,3.65,3.65,4.23
2647.43,-2.55,-2.59,-6.85,-6.88,6.05,5.94,3.90,3.50,3.46,4.29
2673.90,-2.78,-2.78,-7.14,-7.13,6.05,6.03,3.95,3.27,3.28,4.35
2700.64,-3.06,-3.00,-7.47,-7.41,6.04,6.11,4.01,2.98,3.04,4.40
2727.65,-3.11,-3.21,-7.58,-7.67,6.01,6.17,4.07,2.90,2.80,4.46
2754.93,-3.44,-3.37,-7.96,-7.89,6.00,6.20,4.13,2.56,2.63,4.51
2782.48,-3.55,-3.54,-8.12,-8.10,6.00,6.23,4.20,2.45,2.46,4.56
2810.30,-3.66,-3.75,-8.28,-8.36,6.00,6.22,4.27,2.34,2.25,4.61
2838.40,-3.94,-3.92,-8.60,-8.57,6.00,6.21,4.34,2.06,2.08,4.65
2866.79,-4.14,-4.08,-8.83,-8.77,6.00,6.17,4.42,1.86,1.92,4.68
2895.46,-4.22,-4.24,-8.95,-8.95,6.00,6.12,4.50,1.78,1.76,4.72
2924.41,-4.29,-4.36,-9.05,-9.12,6.00,6.05,4.59,1.71,1.64,4.75
2953.65,-4.54,-4.50,-9.33,-9.29,6.00,5.97,4.68,1.46,1.50,4.78
2983.19,-4.68,-4.66,-9.51,-9.48,6.00,5.88,4.77,1.32,1.34,4.82
3013.02,-4.79,-4.81,-9.65,-9.67,6.00,5.79,4.87,1.21,1.19,4.85
3043.15,-4.92,-4.92,-9.82,-9.81,6.00,5.68,4.97,1.08,1.08,4.89
3073.58,-5.03,-5.04,-9.96,-9.96,6.00,5.58,5.08,0.97,0.96,4.92
3104.32,-5.15,-5.14,-10.12,-10.10,6.00,5.47,5.19,0.85,0.86,4.96
3135.36,-5.22,-5.23,-10.22,-10.22,6.00,5.36,5.30,0.78,0.77,4.99
3166.72,-5.28,-5.30,-10.31,-10.31,6.00,5.26,5.41,0.72,0.70,5.02
3198.38,-5.37,-5.35,-10.41,-10.39,6.00,5.16,5.53,0.63,0.65,5.03
3230.37,-5.39,-5.42,-10.45,-10.47,6.00,5.06,5.65,0.61,0.58,5.05
3262.67,-5.46,-5.44,-10.53,-10.51,6.00,4.98,5.77,0.54,0.56,5.06
3295.30,-5.48,-5.45,-10.57,-10.53,6.00,4.90,5.89,0.52,0.55,5.08
3328.25,-5.38,-5.45,-10.48,-10.55,6.00,4.83,6.02,0.62,0.55,5.09
3361.53,-5.46,-5.43,-10.57,-10.53,6.00,4.78,6.14,0.54,0.57,5.10
3395.15,-5.42,-5.40,-10.53,-10.51,6.00,4.74,6.27,0.58,0.60,5.10
3429.10,-5.34,-5.38,-10.45,-10.48,6.00,4.71,6.39,0.66,0.62,5.10
3463.39,-5.33,-5.31,-10.43,-10.40,6.00,4.69,6.51,0.67,0.69,5.09
3498.03,-5.25,-5.24,-10.35,-10.34,6.00,4.69,6.63,0.75,0.76,5.09
3533.01,-5.12,-5.16,-10.22,-10.25,6.00,4.72,6.75,0.88,0.84,5.09
3568.34,-5.09,-5.07,-10.18,-10.14,6.00,4.75,6.86,0.91,0.93,5.08
3604.02,-4.96,-4.96,-10.02,-10.02,6.00,4.81,6.96,1.04,1.04,5.05
3640.06,-4.85,-4.86,-9.89,-9.90,6.00,4.89,7.06,1.15,1.14,5.03
3676.46,-4.71,-4.73,-9.73,-9.74,6.00,4.99,7.15,1.29,1.27,5.01
3713.22,-4.65,-4.60,-9.64,-9.59,6.00,5.10,7.23,1.35,1.40,4.98
3750.36,-4.43,-4.50,-9.40,-9.46,6.00,5.23,7.29,1.57,1.50,4.96
3787.86,-4.39,-4.37,-9.32,-9.29,6.00,5.38,7.35,1.61,1.63,4.92
3825.74,-4.28,-4.22,-9.17,-9.10,6.00,5.53,7.38,1.72,1.78,4.88
3864.00,-4.00,-4.10,-8.85,-8.94,6.00,5.68,7.41,2.00,1.90,4.84
3902.64,-3.96,-3.95,-8.77,-8.75,6.00,5.82,7.41,2.04,2.05,4.80
3941.66,-3.86,-3.80,-8.64,-8.57,6.00,5.95,7.40,2.14,2.20,4.77
3981.08,-3.64,-3.69,-8.38,-8.42,6.00,6.03,7.37,2.36,2.31,4.73
4020.89,-3.51,-3.55,-8.20,-8.23,6.00,6.08,7.32,2.49,2.45,4.68
4061.10,-3.45,-3.40,-8.08,-8.02,6.00,6.05,7.25,2.55,2.60,4.62
4101.71,-3.25,-3.24,-7.82,-7.81,6.00,5.98,7.17,2.75,2.76,4.56
4142.73,-3.06,-3.08,-7.58,-7.59,6.00,5.82,7.06,2.94,2.92,4.51
4184.15,-2.88,-2.92,-7.34,-7.38,6.01,5.63,6.94,3.13,3.09,4.45
4226.00,-2.82,-2.78,-7.22,-7.18,6.03,5.37,6.80,3.21,3.25,4.39
4268.26,-2.66,-2.64,-7.00,-6.97,6.04,5.08,6.65,3.38,3.40,4.33
4310.94,-2.46,-2.51,-6.72,-6.77,6.04,4.77,6.48,3.58,3.53,4.25
4354.05,-2.35,-2.32,-6.53,-6.50,6.01,4.44,6.30,3.66,3.69,4.17
4397.59,-2.20,-2.18,-6.31,-6.28,5.95,4.12,6.10,3.75,3.77,4.10
4441.56,-1.95,-2.03,-5.98,-6.05,5.86,3.79,5.90,3.91,3.83,4.02
4485.98,-1.94,-1.86,-5.89,-5.80,5.73,3.49,5.68,3.79,3.87,3.94
4530.84,-1.67,-1.71,-5.54,-5.57,5.56,3.18,5.46,3.88,3.85,3.86
4576.15,-1.53,-1.56,-5.31,-5.34,5.35,2.91,5.24,3.82,3.79,3.77
4621.91,-1.41,-1.37,-5.11,-5.06,5.11,2.64,5.00,3.70,3.74,3.69
4668.13,-1.22,-1.21,-4.83,-4.81,4.85,2.39,4.76,3.62,3.64,3.60
4714.81,-0.99,-1.03,-4.51,-4.54,4.56,2.15,4.52,3.57,3.53,3.51
4761.96,-0.83,-0.85,-4.27,-4.27,4.27,1.93,4.28,3.44,3.42,3.43
4809.58,-0.69,-0.65,-4.03,-3.99,3.99,1.72,4.03,3.30,3.34,3.33
4857.67,-0.48,-0.47,-3.73,-3.72,3.71,1.53,3.78,3.23,3.24,3.24
4906.25,-0.21,-0.27,-3.37,-3.42,3.42,1.34,3.53,3.21,3.15,3.15
4955.31,-0.11,-0.07,-3.17,-3.12,3.14,1.16,3.28,3.03,3.07,3.05
5004.87,0.14,0.13,-2.83,-2.84,2.85,0.99,3.03,2.99,2.98,2.96
5054.91,0.32,0.32,-2.57,-2.56,2.56,0.83,2.78,2.88,2.88,2.88
5105.46,0.55,0.53,-2.26,-2.28,2.27,0.67,2.53,2.82,2.80,2.80
5156.52,0.73,0.75,-2.01,-1.98,1.98,0.52,2.28,2.70,2.72,2.73
5208.08,0.95,0.98,-1.71,-1.68,1.68,0.37,2.03,2.62,2.65,2.65
5260.16,1.26,1.18,-1.32,-1.39,1.38,0.23,1.78,2.64,2.56,2.57
5312.77,1.40,1.43,-1.10,-1.06,1.07,0.08,1.53,2.47,2.50,2.49
5365.89,1.62,1.67,-0.80,-0.75,0.75,-0.07,1.28,2.37,2.42,2.41
5419.55,1.97,1.88,-0.37,-0.45,0.43,-0.21,1.03,2.39,2.31,2.33
5473.75,2.12,2.15,-0.15,-0.11,0.10,-0.36,0.78,2.22,2.25,2.26
5528.49,2.37,2.40,0.18,0.22,-0.22,-0.52,0.53,2.14,2.17,2.18
5583.77,2.71,2.65,0.60,0.54,-0.55,-0.68,0.28,2.16,2.11,2.10
5639.61,2.90,2.95,0.85,0.91,-0.87,-0.84,0.03,2.03,2.08,2.04
5696.00,3.24,3.19,1.26,1.21,-1.19,-1.02,-0.22,2.05,2.00,1.97
5752.96,3.47,3.42,1.55,1.51,-1.51,-1.21,-0.47,1.96,1.91,1.91
5810.49,3.58,3.64,1.72,1.79,-1.82,-1.41,-0.73,1.75,1.82,1.85
5868.60,3.94,3.88,2.14,2.09,-2.13,-1.62,-0.98,1.81,1.75,1.79
5927.28,4.12,4.14,2.38,2.41,-2.43,-1.85,-1.24,1.69,1.71,1.73
5986.56,4.49,4.40,2.82,2.74,-2.72,-2.09,-1.49,1.77,1.68,1.66
6046.42,4.63,4.58,3.04,2.99,-2.99,-2.34,-1.75,1.63,1.58,1.58
6106.89,4.82,4.76,3.32,3.26,-3.26,-2.61,-2.01,1.56,1.50,1.49
6167.96,4.92,4.89,3.51,3.48,-3.49,-2.87,-2.27,1.43,1.40,1.40
6229.64,5.19,5.01,3.87,3.69,-3.69,-3.13,-2.53,1.50,1.32,1.31
6291.93,5.27,5.09,4.04,3.86,-3.83,-3.34,-2.80,1.43,1.26,1.22
6354.85,5.30,5.16,4.15,4.01,-3.93,-3.54,-3.06,1.36,1.23,1.14
6418.40,5.44,5.11,4.37,4.03,-3.99,-3.64,-3.33,1.45,1.12,1.06
6482.58,5.43,5.04,4.43,4.04,-4.01,-3.72,-3.61,1.42,1.04,0.99
6547.41,5.22,4.91,4.30,3.99,-3.98,-3.70,-3.88,1.23,0.93,0.91
6612.88,5.30,4.74,4.46,3.89,-3.92,-3.68,-4.15,1.37,0.82,0.83
6679.01,5.11,4.58,4.35,3.81,-3.84,-3.60,-4.43,1.27,0.74,0.75
6745.80,5.08,4.43,4.40,3.75,-3.74,-3.52,-4.71,1.34,0.69,0.67
6813.26,5.01,4.23,4.42,3.64,-3.63,-3.45,-4.98,1.38,0.60,0.58
6881.39,4.85,4.03,4.36,3.54,-3.54,-3.37,-5.26,1.31,0.50,0.48
6950.21,4.64,3.82,4.24,3.43,-3.46,-3.33,-5.54,1.18,0.36,0.39
7019.71,4.42,3.65,4.11,3.36,-3.39,-3.29,-5.81,1.03,0.26,0.30
7089.91,4.26,3.51,4.04,3.32,-3.35,-3.28,-6.08,0.91,0.16,0.21
7160.81,4.26,3.39,4.14,3.31,-3.33,-3.27,-6.35,0.93,0.06,0.11
7232.41,3.91,3.29,3.90,3.32,-3.33,-3.29,-6.61,0.58,-0.04,0.00
7304.74,3.75,3.20,3.85,3.35,-3.35,-3.32,-6.87,0.40,-0.15,-0.11
7377.79,3.51,3.13,3.72,3.39,-3.40,-3.37,-7.10,0.11,-0.27,-0.22
7451.56,3.36,3.08,3.68,3.46,-3.46,-3.42,-7.34,-0.11,-0.38,-0.33
7526.08,3.12,3.04,3.55,3.54,-3.54,-3.48,-7.55,-0.42,-0.49,-0.44
7601.34,2.99,3.01,3.52,3.63,-3.62,-3.55,-7.75,-0.63,-0.61,-0.54
7677.35,2.83,2.98,3.46,3.72,-3.71,-3.64,-7.92,-0.88,-0.73,-0.64
7754.13,2.65,2.95,3.38,3.81,-3.80,-3.72,-8.09,-1.16,-0.85,-0.74
7831.67,2.55,2.92,3.38,3.90,-3.90,-3.82,-8.21,-1.35,-0.98,-0.84
7909.98,2.36,2.88,3.29,3.99,-3.99,-3.92,-8.33,-1.63,-1.10,-0.94
7989.08,2.21,2.85,3.24,4.08,-4.08,-4.02,-8.40,-1.87,-1.23,-1.04
8068.98,2.07,2.81,3.21,4.17,-4.17,-4.13,-8.46,-2.10,-1.36,-1.15
8149.67,1.84,2.78,3.09,4.26,-4.26,-4.25,-8.48,-2.42,-1.48,-1.26
8231.16,1.81,2.73,3.18,4.34,-4.34,-4.37,-8.49,-2.54,-1.61,-1.38
8313.47,1.74,2.69,3.22,4.43,-4.43,-4.49,-8.45,-2.69,-1.74,-1.49
8396.61,1.64,2.65,3.23,4.51,-4.51,-4.62,-8.41,-2.87,-1.86,-1.60
8480.57,1.43,2.60,3.13,4.58,-4.58,-4.75,-8.33,-3.16,-1.99,-1.71
8565.38,1.49,2.55,3.32,4.66,-4.66,-4.88,-8.24,-3.17,-2.11,-1.84
8651.03,1.32,2.49,3.28,4.73,-4.73,-5.02,-8.13,-3.42,-2.24,-1.97
8737.54,1.24,2.44,3.33,4.80,-4.80,-5.16,-8.01,-3.57,-2.37,-2.10
8824.92,1.17,2.38,3.39,4.87,-4.87,-5.30,-7.87,-3.70,-2.49,-2.23
8913.17,1.07,2.32,3.42,4.93,-4.93,-5.45,-7.73,-3.87,-2.61,-2.36
9002.30,1.02,2.26,3.49,5.00,-5.00,-5.60,-7.57,-3.98,-2.74,-2.48
9092.32,0.97,2.20,3.59,5.06,-5.05,-5.75,-7.41,-4.09,-2.86,-2.63
9183.25,0.88,2.13,3.65,5.11,-5.11,-5.90,-7.25,-4.23,-2.98,-2.78
9275.08,0.91,2.07,3.83,5.16,-5.16,-6.06,-7.09,-4.26,-3.10,-2.93
9367.83,0.80,2.00,3.86,5.21,-5.21,-6.22,-6.93,-4.42,-3.21,-3.07
9461.51,0.78,1.93,3.99,5.26,-5.25,-6.38,-6.77,-4.47,-3.32,-3.22
9556.12,0.75,1.87,4.12,5.31,-5.29,-6.54,-6.61,-4.54,-3.42,-3.38
9651.68,0.75,1.80,4.30,5.35,-5.32,-6.70,-6.46,-4.57,-3.52,-3.56
9748.20,0.72,1.73,4.44,5.38,-5.36,-6.87,-6.31,-4.64,-3.63,-3.73
9845.68,0.72,1.66,4.62,5.42,-5.41,-7.04,-6.16,-4.70,-3.75,-3.91
9944.14,0.66,1.59,4.73,5.45,-5.48,-7.21,-6.03,-4.82,-3.89,-4.08
10043.58,0.61,1.52,4.85,5.48,-5.56,-7.38,-5.89,-4.95,-4.04,-4.25
10144.02,0.62,1.50,5.03,5.63,-5.66,-7.55,-5.77,-5.04,-4.16,-4.42
10245.46,0.62,1.47,5.20,5.77,-5.77,-7.72,-5.65,-5.16,-4.30,-4.59
10347.91,0.59,1.45,5.34,5.92,-5.91,-7.90,-5.54,-5.32,-4.46,-4.76
10451.39,0.68,1.42,5.60,6.08,-6.06,-8.07,-5.44,-5.38,-4.63,-4.93
10555.91,0.56,1.40,5.65,6.23,-6.22,-8.25,-5.34,-5.66,-4.81,-5.10
10661.46,0.59,1.38,5.86,6.39,-6.38,-8.43,-5.25,-5.80,-5.01,-5.28
10768.08,0.53,1.35,6.00,6.55,-6.55,-8.60,-5.18,-6.02,-5.20,-5.48
10875.76,0.64,1.33,6.30,6.71,-6.71,-8.78,-5.10,-6.08,-5.38,-5.67
10984.52,0.59,1.31,6.45,6.88,-6.88,-8.96,-5.04,-6.29,-5.57,-5.87
11094.36,0.62,1.29,6.68,7.05,-7.05,-9.14,-4.99,-6.43,-5.76,-6.07
11205.31,0.55,1.26,6.80,7.22,-7.22,-9.32,-4.95,-6.67,-5.96,-6.26
11317.36,0.60,1.24,7.07,7.39,-7.39,-9.50,-4.91,-6.80,-6.15,-6.48
11430.53,0.63,1.22,7.32,7.57,-7.57,-9.67,-4.88,-6.94,-6.35,-6.70
11544.84,0.68,1.20,7.58,7.75,-7.75,-9.85,-4.86,-7.07,-6.55,-6.91
11660.29,0.62,1.18,7.74,7.93,-7.93,-10.03,-4.86,-7.31,-6.75,-7.13
11776.89,0.77,1.16,8.11,8.12,-8.12,-10.20,-4.86,-7.35,-6.96,-7.35
11894.66,0.56,1.14,8.09,8.30,-8.30,-10.38,-4.87,-7.75,-7.17,-7.54
12013.60,0.65,1.12,8.38,8.49,-8.49,-10.55,-4.89,-7.85,-7.38,-7.74
12133.74,0.68,1.10,8.60,8.68,-8.68,-10.72,-4.93,-8.01,-7.59,-7.93
12255.08,0.61,1.08,8.72,8.88,-8.88,-10.89,-4.97,-8.27,-7.80,-8.12
12377.63,0.71,1.06,9.01,9.08,-9.08,-11.06,-5.03,-8.37,-8.02,-8.31
12501.41,0.66,1.04,9.15,9.28,-9.28,-11.23,-5.10,-8.62,-8.24,-8.50
12626.42,0.70,1.02,9.38,9.48,-9.48,-11.39,-5.18,-8.78,-8.46,-8.69
12752.68,0.69,1.00,9.56,9.69,-9.69,-11.55,-5.27,-9.00,-8.69,-8.88
12880.21,0.74,0.98,9.80,9.89,-9.89,-11.71,-5.39,-9.16,-8.91,-9.07
13009.01,0.71,0.96,9.96,10.11,-10.11,-11.87,-5.51,-9.40,-9.14,-9.26
13139.10,0.71,0.94,10.15,10.32,-10.32,-12.02,-5.66,-9.61,-9.37,-9.45
13270.49,0.76,0.93,10.38,10.53,-10.53,-12.17,-5.81,-9.78,-9.61,-9.63
13403.20,0.74,0.91,10.51,10.75,-10.75,-12.31,-6.00,-10.02,-9.84,-9.78
13537.23,0.78,0.89,10.71,10.97,-10.97,-12.46,-6.19,-10.20,-10.08,-9.94
13672.60,0.79,0.88,10.88,11.20,-11.20,-12.59,-6.42,-10.41,-10.32,-10.10
13809.33,0.80,0.86,11.05,11.43,-11.43,-12.73,-6.66,-10.63,-10.57,-10.26
13947.42,0.74,0.84,11.15,11.65,-11.65,-12.86,-6.94,-10.92,-10.81,-10.42
14086.90,0.81,0.83,11.37,11.89,-11.89,-12.98,-7.24,-11.08,-11.06,-10.57
14227.77,0.79,0.81,11.48,12.12,-12.12,-13.10,-7.57,-11.33,-11.31,-10.70
14370.04,0.80,0.80,11.63,12.36,-12.36,-13.22,-7.93,-11.56,-11.56,-10.84
14513.74,0.88,0.78,11.85,12.60,-12.60,-13.33,-8.33,-11.72,-11.82,-10.98
14658.88,0.82,0.77,11.92,12.84,-12.84,-13.44,-8.75,-12.02,-12.08,-11.11
14805.47,0.79,0.75,12.03,13.09,-13.09,-13.54,-9.22,-12.30,-12.34,-11.25
14953.52,0.82,0.74,12.20,13.33,-13.33,-13.64,-9.70,-12.52,-12.60,-11.39
15103.06,0.87,0.72,12.42,13.58,-13.58,-13.73,-10.23,-12.72,-12.86,-11.56
15254.09,0.85,0.71,12.58,13.84,-13.84,-13.82,-10.74,-12.99,-13.13,-11.74
15406.63,0.87,0.69,12.78,14.09,-14.09,-13.90,-11.25,-13.23,-13.40,-11.92
15560.70,0.81,0.68,12.91,14.35,-14.35,-13.98,-11.72,-13.54,-13.67,-12.11
15716.30,0.85,0.67,13.13,14.61,-14.61,-14.05,-12.07,-13.76,-13.94,-12.29
15873.47,0.81,0.66,13.27,14.88,-14.88,-14.12,-12.32,-14.07,-14.22,-12.47
16032.20,0.79,0.64,13.46,15.14,-15.14,-14.18,-12.31,-14.35,-14.50,-12.68
16192.52,0.77,0.63,13.73,15.41,-15.41,-14.24,-12.16,-14.64,-14.78,-12.97
16354.45,0.84,0.62,14.09,15.68,-15.68,-14.30,-11.72,-14.85,-15.06,-13.26
16517.99,0.85,0.61,14.39,15.96,-15.96,-14.35,-11.18,-15.11,-15.35,-13.55
16683.17,0.79,0.59,14.62,16.23,-16.23,-14.39,-10.46,-15.45,-15.64,-13.84
16850.01,0.83,0.58,14.95,16.51,-16.51,-14.44,-9.71,-15.69,-15.93,-14.13
17018.51,0.80,0.57,15.23,16.79,-16.79,-14.48,-8.90,-16.00,-16.22,-14.44
17188.69,0.85,0.56,15.76,17.08,-17.08,-14.51,-8.12,-16.23,-16.52,-14.92
17360.58,0.80,0.55,16.18,17.37,-17.37,-14.55,-7.35,-16.57,-16.81,-15.39
17534.18,0.82,0.54,16.68,17.66,-17.66,-14.58,-6.62,-16.84,-17.11,-15.87
17709.53,0.83,0.53,17.16,17.95,-17.95,-14.60,-5.94,-17.12,-17.42,-16.34
17886.62,0.84,0.52,17.65,18.24,-18.24,-14.63,-5.30,-17.41,-17.72,-16.82
18065.49,0.84,0.51,18.22,18.54,-18.54,-14.65,-4.71,-17.71,-18.03,-17.39
18246.14,0.80,0.50,18.92,18.84,-18.84,-14.66,-4.16,-18.05,-18.34,-18.13
18428.60,0.84,0.50,19.70,19.15,-19.15,-14.68,-3.67,-18.31,-18.65,-18.87
18612.89,0.82,0.49,20.43,19.45,-19.45,-14.70,-3.21,-18.63,-18.96,-19.62
18799.02,0.83,0.48,21.18,19.76,-19.76,-14.71,-2.79,-18.93,-19.28,-20.36
18987.01,0.80,0.47,21.89,20.07,-20.07,-14.72,-2.41,-19.27,-19.60,-21.10
19176.88,0.83,0.46,22.96,20.38,-20.38,-14.73,-2.07,-19.56,-19.92,-22.14
19368.65,0.82,0.46,24.02,20.70,-20.70,-14.74,-1.75,-19.88,-20.25,-23.21
19562.33,0.84,0.45,25.10,21.02,-21.02,-14.74,-1.48,-20.18,-20.57,-24.27
19757.96,0.81,0.44,26.14,21.34,-21.34,-14.75,-1.20,-20.53,-20.90,-25.34
19955.54,0.81,0.43,27.20,21.67,-21.67,-14.75,-0.92,-20.86,-21.23,-26.40
